{
  "corpus_size": 6,
  "vocab_size": 22,
  "vocab": [
    "and",
    "bank",
    "cat",
    "dog",
    "economy",
    "flows",
    "from",
    "helps",
    "in",
    "is",
    "log",
    "mat",
    "money",
    "near",
    "on",
    "park",
    "played",
    "river",
    "sat",
    "sea",
    "the",
    "to"
  ],
  "window_1": {
    "window_size": 1,
    "nonzero": 56,
    "total": 484,
    "sparsity": 0.8843,
    "singular_values_k2": [
      5.98767,
      5.754065
    ],
    "coords_2d": {
      "and": [
        -0.941905,
        -0.417306
      ],
      "bank": [
        -1.543512,
        -1.332127
      ],
      "cat": [
        -1.66884,
        -1.472537
      ],
      "dog": [
        -1.575774,
        -1.616367
      ],
      "economy": [
        -0.663192,
        -0.673219
      ],
      "flows": [
        -0.35191,
        0.373562
      ],
      "from": [
        -0.682221,
        -0.694185
      ],
      "helps": [
        -0.920974,
        -0.441708
      ],
      "in": [
        -0.727434,
        -0.744525
      ],
      "is": [
        -0.379116,
        0.359363
      ],
      "log": [
        -0.663192,
        -0.673219
      ],
      "mat": [
        -0.663192,
        -0.673219
      ],
      "money": [
        -0.113938,
        0.120643
      ],
      "near": [
        -0.726508,
        -0.735673
      ],
      "on": [
        -1.696681,
        -1.743684
      ],
      "park": [
        -0.663192,
        -0.673219
      ],
      "played": [
        -0.384658,
        0.4103
      ],
      "river": [
        -1.385156,
        -1.411359
      ],
      "sat": [
        -1.108607,
        1.142891
      ],
      "sea": [
        -0.663192,
        -0.673219
      ],
      "the": [
        -3.970975,
        3.873744
      ],
      "to": [
        -0.721964,
        -0.73814
      ]
    },
    "distances": {
      "cat-dog": 0.171313,
      "bank-river": 0.177071,
      "bank-money": 2.038191,
      "cat-money": 2.226194
    }
  },
  "window_2": {
    "window_size": 2,
    "nonzero": 92,
    "total": 484,
    "singular_values_k2": [
      10.31604,
      7.625432
    ],
    "coords_2d": {
      "and": [
        -1.767822,
        -1.168533
      ],
      "bank": [
        -2.444293,
        -1.839789
      ],
      "cat": [
        -2.694726,
        -1.699242
      ],
      "dog": [
        -2.316087,
        -0.729828
      ],
      "economy": [
        -0.795773,
        -0.590317
      ],
      "flows": [
        -1.540735,
        -1.280785
      ],
      "from": [
        -0.949045,
        -0.411846
      ],
      "helps": [
        -1.596172,
        -1.168397
      ],
      "in": [
        -1.09431,
        -0.380962
      ],
      "is": [
        -1.634976,
        -1.222534
      ],
      "log": [
        -0.896161,
        -0.703035
      ],
      "mat": [
        -0.896161,
        -0.703035
      ],
      "money": [
        -0.733043,
        -0.689531
      ],
      "near": [
        -1.196075,
        -0.177499
      ],
      "on": [
        -2.631778,
        -0.308873
      ],
      "park": [
        -0.747124,
        -0.693582
      ],
      "played": [
        -1.612683,
        -1.341413
      ],
      "river": [
        -1.646432,
        -1.253994
      ],
      "sat": [
        -3.560144,
        -2.574604
      ],
      "sea": [
        -0.74009,
        -0.701693
      ],
      "the": [
        -6.613054,
        5.66982
      ],
      "to": [
        -1.02174,
        -0.31911
      ]
    },
    "distances": {
      "cat-dog": 1.040735,
      "bank-river": 0.989817,
      "bank-money": 2.06191,
      "cat-money": 2.20629
    }
  }
}